,All features,TEVA features
0,0.5208333333333333,0.45833333333333326
1,0.5729166666666666,0.53125
2,0.46874999999999994,0.53125
3,0.46354166666666663,0.5677083333333333
4,0.5,0.47916666666666663
5,0.46354166666666663,0.5260416666666666
6,0.48958333333333326,0.48958333333333326
7,0.5052083333333333,0.5052083333333333
8,0.48958333333333326,0.5520833333333333
9,0.5677083333333333,0.46875
